{
  "arm1_clinical": {
    "log_loss": {
      "mean": 0.46348875008994866,
      "ci_low": 0.22735897557834248,
      "ci_high": 0.9293674048261436
    },
    "auroc": {
      "mean": 0.8697499999999999,
      "ci_low": 0.5337500000000001,
      "ci_high": 1.0
    },
    "auprc": {
      "mean": 0.8982293650793651,
      "ci_low": 0.6807470238095239,
      "ci_high": 1.0
    },
    "brier": {
      "mean": 0.14945598163957383,
      "ci_low": 0.047245264103270145,
      "ci_high": 0.3076941437314381
    },
    "sensitivity": {
      "mean": 0.841,
      "ci_low": 0.5225,
      "ci_high": 1.0
    },
    "specificity": {
      "mean": 0.75,
      "ci_low": 0.25,
      "ci_high": 1.0
    }
  },
  "arm2_proteomics": {
    "log_loss": {
      "mean": 0.6931471805599453,
      "ci_low": 0.6931471805599453,
      "ci_high": 0.6931471805599453
    },
    "auroc": {
      "mean": 0.5,
      "ci_low": 0.5,
      "ci_high": 0.5
    },
    "auprc": {
      "mean": 0.5444444444444444,
      "ci_low": 0.5,
      "ci_high": 0.5555555555555556
    },
    "brier": {
      "mean": 0.25,
      "ci_low": 0.25,
      "ci_high": 0.25
    },
    "sensitivity": {
      "mean": 1.0,
      "ci_low": 1.0,
      "ci_high": 1.0
    },
    "specificity": {
      "mean": 0.0,
      "ci_low": 0.0,
      "ci_high": 0.0
    }
  },
  "arm3_combined_calibrated": {
    "log_loss": {
      "mean": 0.6847810432010611,
      "ci_low": 0.17480845746874166,
      "ci_high": 3.8047367924997197
    },
    "auroc": {
      "mean": 0.8621249999999999,
      "ci_low": 0.50703125,
      "ci_high": 1.0
    },
    "auprc": {
      "mean": 0.8826674603174604,
      "ci_low": 0.5699702380952382,
      "ci_high": 1.0
    },
    "brier": {
      "mean": 0.15684990954513683,
      "ci_low": 0.0313734885352942,
      "ci_high": 0.38024046357349056
    },
    "sensitivity": {
      "mean": 0.8889999999999999,
      "ci_low": 0.5225,
      "ci_high": 1.0
    },
    "specificity": {
      "mean": 0.69,
      "ci_low": 0.25,
      "ci_high": 1.0
    }
  },
  "arm3_uncalibrated": {
    "log_loss": {
      "mean": 0.4921159017698381,
      "ci_low": 0.20746662973241625,
      "ci_high": 1.0124562221364757
    },
    "auroc": {
      "mean": 0.8448749999999999,
      "ci_low": 0.54046875,
      "ci_high": 1.0
    },
    "auprc": {
      "mean": 0.8666579365079368,
      "ci_low": 0.618922619047619,
      "ci_high": 1.0
    },
    "brier": {
      "mean": 0.1518881395831704,
      "ci_low": 0.039368728175759315,
      "ci_high": 0.34082158058881756
    },
    "sensitivity": {
      "mean": 0.8939999999999999,
      "ci_low": 0.6,
      "ci_high": 1.0
    },
    "specificity": {
      "mean": 0.72,
      "ci_low": 0.25,
      "ci_high": 1.0
    }
  },
  "simulated": true
}